<annotation verified="yes">
	<folder>images</folder>
	<filename>11.jpg</filename>
	<path>D:\Udacity\Yolov3\windows darkflow yolo\darkflow-master\training\images\11.jpg</path>
	<source>
		<database>Unknown</database>
	</source>
	<size>
		<width>236</width>
		<height>446</height>
		<depth>3</depth>
	</size>
	<segmented>0</segmented>
	<object>
		<name>bike</name>
		<pose>Unspecified</pose>
		<truncated>0</truncated>
		<difficult>0</difficult>
		<bndbox>
			<xmin>12</xmin>
			<ymin>16</ymin>
			<xmax>229</xmax>
			<ymax>133</ymax>
		</bndbox>
	</object>
	<object>
		<name>bike</name>
		<pose>Unspecified</pose>
		<truncated>0</truncated>
		<difficult>0</difficult>
		<bndbox>
			<xmin>15</xmin>
			<ymin>179</ymin>
			<xmax>214</xmax>
			<ymax>288</ymax>
		</bndbox>
	</object>
	<object>
		<name>bike</name>
		<pose>Unspecified</pose>
		<truncated>0</truncated>
		<difficult>0</difficult>
		<bndbox>
			<xmin>12</xmin>
			<ymin>321</ymin>
			<xmax>226</xmax>
			<ymax>438</ymax>
		</bndbox>
	</object>
</annotation>
