<annotation>
	<folder>images</folder>
	<filename>14.jpg</filename>
	<path>D:\Udacity\Yolov3\windows darkflow yolo\darkflow-master\training\images\14.jpg</path>
	<source>
		<database>Unknown</database>
	</source>
	<size>
		<width>316</width>
		<height>159</height>
		<depth>3</depth>
	</size>
	<segmented>0</segmented>
	<object>
		<name>bike</name>
		<pose>Unspecified</pose>
		<truncated>0</truncated>
		<difficult>0</difficult>
		<bndbox>
			<xmin>77</xmin>
			<ymin>24</ymin>
			<xmax>252</xmax>
			<ymax>147</ymax>
		</bndbox>
	</object>
</annotation>
