<annotation>
	<folder>images</folder>
	<filename>3.jpg</filename>
	<path>D:\Udacity\Yolov3\windows darkflow yolo\darkflow-master\training\images\3.jpg</path>
	<source>
		<database>Unknown</database>
	</source>
	<size>
		<width>827</width>
		<height>510</height>
		<depth>3</depth>
	</size>
	<segmented>0</segmented>
	<object>
		<name>bike</name>
		<pose>Unspecified</pose>
		<truncated>0</truncated>
		<difficult>0</difficult>
		<bndbox>
			<xmin>168</xmin>
			<ymin>190</ymin>
			<xmax>579</xmax>
			<ymax>406</ymax>
		</bndbox>
	</object>
</annotation>
