<annotation>
	<folder>images</folder>
	<filename>4.jpg</filename>
	<path>D:\Udacity\Yolov3\windows darkflow yolo\darkflow-master\training\images\4.jpg</path>
	<source>
		<database>Unknown</database>
	</source>
	<size>
		<width>720</width>
		<height>540</height>
		<depth>3</depth>
	</size>
	<segmented>0</segmented>
	<object>
		<name>bike</name>
		<pose>Unspecified</pose>
		<truncated>0</truncated>
		<difficult>0</difficult>
		<bndbox>
			<xmin>106</xmin>
			<ymin>248</ymin>
			<xmax>585</xmax>
			<ymax>512</ymax>
		</bndbox>
	</object>
</annotation>
