<annotation>
	<folder>images</folder>
	<filename>5.jpg</filename>
	<path>D:\Udacity\Yolov3\windows darkflow yolo\darkflow-master\training\images\5.jpg</path>
	<source>
		<database>Unknown</database>
	</source>
	<size>
		<width>1024</width>
		<height>768</height>
		<depth>3</depth>
	</size>
	<segmented>0</segmented>
	<object>
		<name>bike</name>
		<pose>Unspecified</pose>
		<truncated>0</truncated>
		<difficult>0</difficult>
		<bndbox>
			<xmin>146</xmin>
			<ymin>152</ymin>
			<xmax>955</xmax>
			<ymax>747</ymax>
		</bndbox>
	</object>
</annotation>
